Incorporated City or Town,2020 Decennial Census Population,MGRT Tax Rate
Abbott city,352,0.00%
Abernathy city,"2,865",1.07%
Abilene city,"125,182",2.00%
Ackerly city,264,0.00%
Addison town,"16,661",2.00%
Adrian city,128,0.00%
Agua Dulce city,685,0.00%
Alamo city,"19,493",2.00%
Alamo Heights city,"7,357",1.07%
Alba town,473,0.00%
Albany city,"1,854",0.58%
Aledo city,"4,858",1.07%
Alice city,"17,891",2.00%
Allen city,"104,627",2.00%
Alma town,373,0.00%
Alpine city,"6,035",1.07%
Alto town,"1,027",0.58%
Alton city,"18,198",2.00%
Alvarado city,"4,739",1.07%
Alvin city,"27,098",2.00%
Alvord town,"1,351",0.58%
Amarillo city,"200,393",2.00%
Ames city,937,0.00%
Amherst city,678,0.00%
Anahuac city,"1,980",0.58%
Anderson city,193,0.00%
Andrews city,"13,487",2.00%
Angleton city,"19,429",2.00%
Angus city,444,0.00%
Anna city,"16,896",2.00%
Annetta North town,554,0.00%
Annetta South town,621,0.00%
Annetta town,"3,041",1.07%
Annona town,184,0.00%
Anson city,"2,294",0.58%
Anthony town,"3,671",1.07%
Anton city,907,0.00%
Appleby city,552,0.00%
Aquilla city,101,0.00%
Aransas Pass city,"7,941",1.07%
Archer City city,"1,601",0.58%
Arcola city,"2,034",0.58%
Argyle city,"4,403",1.07%
Arlington city,"394,266",2.00%
Arp city,892,0.00%
Asherton city,722,0.00%
Aspermont town,789,0.00%
Athens city,"12,857",2.00%
Atlanta city,"5,433",1.07%
Aubrey city,"5,006",1.07%
Aurora city,"1,390",0.58%
Austin city,"961,855",2.00%
Austwell city,118,0.00%
Avery town,421,0.00%
Avinger town,371,0.00%
Azle city,"13,369",2.00%
Bailey city,220,0.00%
Bailey's Prairie village,775,0.00%
Baird city,"1,479",0.58%
Balch Springs city,"27,685",2.00%
Balcones Heights city,"2,746",1.07%
Ballinger city,"3,619",1.07%
Balmorhea city,408,0.00%
Bandera city,829,0.00%
Bangs city,"1,540",0.58%
Bardwell city,625,0.00%
Barry city,220,0.00%
Barstow city,265,0.00%
Bartlett city,"1,633",0.58%
Bartonville town,"1,725",0.58%
Bastrop city,"9,688",1.07%
Bay City city,"18,061",2.00%
Bayou Vista city,"1,763",0.58%
Bayside town,275,0.00%
Baytown city,"83,701",2.00%
Bayview town,475,0.00%
Beach City city,"3,221",1.07%
Bear Creek village,397,0.00%
Beasley city,608,0.00%
Beaumont city,"115,282",2.00%
Beckville city,722,0.00%
Bedford city,"49,928",2.00%
Bedias city,361,0.00%
Bee Cave city,"9,144",1.07%
Beeville city,"13,669",2.00%
Bellaire city,"17,202",2.00%
Bellevue city,289,0.00%
Bellmead city,"10,494",2.00%
Bells town,"1,521",0.58%
Bellville city,"4,206",1.07%
Belton city,"23,054",2.00%
Benavides city,"1,183",0.58%
Benbrook city,"24,520",2.00%
Benjamin city,196,0.00%
Berryville town,824,0.00%
Bertram city,"1,616",0.58%
Beverly Hills city,"1,878",0.58%
Bevil Oaks city,"1,089",0.58%
Big Lake city,"2,965",1.07%
Big Sandy town,"1,231",0.58%
Big Spring city,"26,144",2.00%
Big Wells city,483,0.00%
Bishop city,"3,174",1.07%
Bishop Hills town,211,0.00%
Blackwell city,258,0.00%
Blanco city,"1,682",0.58%
Blanket town,369,0.00%
Bloomburg town,321,0.00%
Blooming Grove town,857,0.00%
Blossom city,"1,402",0.58%
Blue Mound city,"2,393",0.58%
Blue Ridge city,"1,180",0.58%
Blum town,383,0.00%
Boerne city,"17,850",2.00%
Bogata city,"1,074",0.58%
Bonham city,"10,408",2.00%
Bonney village,180,0.00%
Booker town,"1,437",0.58%
Borger city,"12,551",2.00%
Bovina city,"1,699",0.58%
Bowie city,"5,448",1.07%
Boyd town,"1,416",0.58%
Brackettville city,"1,341",0.58%
Brady city,"5,118",1.07%
Brazoria city,"2,866",1.07%
Brazos Country city,514,0.00%
Breckenridge city,"5,187",1.07%
Bremond city,858,0.00%
Brenham city,"17,369",2.00%
Briarcliff village,"2,062",0.58%
Briaroaks city,507,0.00%
Bridge City city,"9,546",1.07%
Bridgeport city,"5,923",1.07%
Broaddus town,184,0.00%
Bronte town,933,0.00%
Brookshire city,"5,066",1.07%
Brookside Village city,"1,548",0.58%
Browndell city,160,0.00%
Brownfield city,"8,936",1.07%
Brownsboro city,"1,212",0.58%
Brownsville city,"186,738",2.00%
Brownwood city,"18,862",2.00%
Bruceville-Eddy city,"1,413",0.58%
Bryan city,"83,980",2.00%
Bryson city,430,0.00%
Buckholts town,365,0.00%
Buda city,"15,108",2.00%
Buffalo city,"1,767",0.58%
Buffalo Gap town,543,0.00%
Buffalo Springs village,468,0.00%
Bullard town,"3,318",1.07%
Bulverde city,"5,692",1.07%
Bunker Hill Village city,"3,822",1.07%
Burkburnett city,"10,939",2.00%
Burke city,691,0.00%
Burleson city,"47,641",2.00%
Burnet city,"6,436",1.07%
Burton city,297,0.00%
Byers city,454,0.00%
Bynum town,171,0.00%
Cactus city,"3,057",1.07%
Caddo Mills city,"1,495",0.58%
Caldwell city,"3,993",1.07%
Callisburg city,321,0.00%
Calvert city,962,0.00%
Cameron city,"5,306",1.07%
Camp Wood city,517,0.00%
Campbell city,542,0.00%
Canadian city,"2,339",0.58%
Caney City town,187,0.00%
Canton city,"4,229",1.07%
Canyon city,"14,836",2.00%
Carbon town,281,0.00%
Carl's Corner town,201,0.00%
Carmine city,244,0.00%
Carrizo Springs city,"4,892",1.07%
Carrollton city,"133,434",2.00%
Carthage city,"6,569",1.07%
Cashion Community city,286,0.00%
Castle Hills city,"3,978",1.07%
Castroville city,"2,954",1.07%
Cedar Hill city,"49,148",2.00%
Cedar Park city,"77,595",2.00%
Celeste city,809,0.00%
Celina city,"16,739",2.00%
Center city,"5,221",1.07%
Centerville city,905,0.00%
Chandler city,"3,275",1.07%
Channing city,281,0.00%
Charlotte city,"1,524",0.58%
Chester town,270,0.00%
Chico city,946,0.00%
Childress city,"5,737",1.07%
Chillicothe city,549,0.00%
China city,"1,260",0.58%
China Grove town,"1,141",0.58%
Chireno city,370,0.00%
Christine town,337,0.00%
Cibolo city,"32,276",2.00%
Cisco city,"3,883",1.07%
Clarendon city,"1,877",0.58%
Clarksville city,"2,857",1.07%
Clarksville City city,780,0.00%
Claude city,"1,186",0.58%
Clear Lake Shores city,"1,258",0.58%
Cleburne city,"31,352",2.00%
Cleveland city,"7,471",1.07%
Clifton city,"3,465",1.07%
Clint town,923,0.00%
Clute city,"10,604",2.00%
Clyde city,"3,811",1.07%
Coahoma town,945,0.00%
Cockrell Hill city,"3,815",1.07%
Coffee City town,249,0.00%
Coldspring city,819,0.00%
Coleman city,"3,912",1.07%
College Station city,"120,511",2.00%
Colleyville city,"26,057",2.00%
Collinsville town,"1,866",0.58%
Colmesneil city,542,0.00%
Colorado City city,"3,991",1.07%
Columbus city,"3,699",1.07%
Comanche city,"4,211",1.07%
Combes town,"2,999",1.07%
Combine city,"2,245",0.58%
Commerce city,"9,090",1.07%
Como town,728,0.00%
Conroe city,"89,956",2.00%
Converse city,"27,466",2.00%
Cool city,211,0.00%
Coolidge town,778,0.00%
Cooper city,"1,911",0.58%
Coppell city,"42,983",2.00%
Copper Canyon town,"1,731",0.58%
Copperas Cove city,"36,670",2.00%
Corinth city,"22,634",2.00%
Corpus Christi city,"317,863",2.00%
Corrigan town,"1,477",0.58%
Corsicana city,"25,109",2.00%
Cottonwood city,181,0.00%
Cottonwood Shores city,"1,403",0.58%
Cotulla city,"3,718",1.07%
Coupland city,289,0.00%
Cove city,525,0.00%
Covington city,261,0.00%
Coyote Flats city,345,0.00%
Crandall city,"3,860",1.07%
Crane city,"3,478",1.07%
Cranfills Gap city,277,0.00%
Crawford town,887,0.00%
Creedmoor city,458,0.00%
Cresson city,"1,349",0.58%
Crockett city,"6,332",1.07%
Crosbyton city,"1,492",0.58%
Cross Plains town,899,0.00%
Cross Roads town,"1,744",0.58%
Cross Timber town,362,0.00%
Crowell city,769,0.00%
Crowley city,"18,070",2.00%
Crystal City city,"6,354",1.07%
Cuero city,"8,128",1.07%
Cumby city,679,0.00%
Cuney town,116,0.00%
Cushing city,557,0.00%
Cut and Shoot city,"1,087",0.58%
Daingerfield city,"2,522",1.07%
Daisetta city,923,0.00%
Dalhart city,"8,447",1.07%
Dallas city,"1,304,379",2.00%
Dalworthington Gardens city,"2,293",0.58%
Danbury city,"1,671",0.58%
Darrouzett town,309,0.00%
Dawson town,815,0.00%
Dayton city,"8,777",1.07%
Dayton Lakes city,45,0.00%
De Kalb city,"1,527",0.58%
De Leon city,"2,258",0.58%
Dean city,488,0.00%
Decatur city,"6,538",1.07%
DeCordova city,"3,007",1.07%
Deer Park city,"34,495",2.00%
Del Rio city,"34,673",2.00%
Dell City city,245,0.00%
Denison city,"24,479",2.00%
Denton city,"139,869",2.00%
Denver City town,"4,470",1.07%
Deport city,550,0.00%
DeSoto city,"56,145",2.00%
Detroit town,704,0.00%
Devers city,361,0.00%
Devine city,"4,324",1.07%
Diboll city,"4,457",1.07%
Dickens city,219,0.00%
Dickinson city,"20,847",2.00%
Dilley city,"3,274",1.07%
Dimmitt city,"4,171",1.07%
DISH town,437,0.00%
Dodd City town,369,0.00%
Dodson town,93,0.00%
Domino town,71,0.00%
Donna city,"16,797",2.00%
Dorchester city,69,0.00%
Double Oak town,"3,054",1.07%
Douglassville town,211,0.00%
Draper town,33,0.00%
Dripping Springs city,"4,650",1.07%
Driscoll city,680,0.00%
Dublin city,"3,359",1.07%
Dumas city,"14,501",2.00%
Duncanville city,"40,706",2.00%
Eagle Lake city,"3,442",1.07%
Eagle Pass city,"28,130",2.00%
Early city,"3,087",1.07%
Earth city,901,0.00%
East Bernard city,"2,218",0.58%
East Mountain city,899,0.00%
East Tawakoni city,824,0.00%
Eastland city,"3,609",1.07%
Easton city,499,0.00%
Ector city,737,0.00%
Edcouch city,"2,732",1.07%
Eden city,"1,100",0.58%
Edgecliff Village town,"3,788",1.07%
Edgewood town,"1,530",0.58%
Edinburg city,"100,243",2.00%
Edmonson town,86,0.00%
Edna city,"5,987",1.07%
Edom city,339,0.00%
El Campo city,"12,350",2.00%
El Cenizo city,"2,540",1.07%
El Lago city,"3,090",1.07%
El Paso city,"678,815",2.00%
Eldorado city,"1,574",0.58%
Electra city,"2,292",0.58%
Elgin city,"9,784",1.07%
Elkhart town,"1,287",0.58%
Elmendorf city,"1,862",0.58%
Elsa city,"5,668",1.07%
Emhouse town,187,0.00%
Emory city,"1,251",0.58%
Enchanted Oaks town,347,0.00%
Encinal city,540,0.00%
Ennis city,"20,159",2.00%
Escobares city,"2,588",1.07%
Estelline town,121,0.00%
Euless city,"61,032",2.00%
Eureka city,313,0.00%
Eustace city,"1,137",0.58%
Evant town,455,0.00%
Everman city,"6,154",1.07%
Fair Oaks Ranch city,"9,833",1.07%
Fairchilds village,864,0.00%
Fairfield city,"2,850",1.07%
Fairview town,"10,372",2.00%
Falfurrias city,"4,609",1.07%
Falls City city,514,0.00%
Farmers Branch city,"35,991",2.00%
Farmersville city,"3,612",1.07%
Farwell city,"1,425",0.58%
Fate city,"17,958",2.00%
Fayetteville city,246,0.00%
Ferris city,"2,788",1.07%
Flatonia town,"1,308",0.58%
Florence city,"1,171",0.58%
Floresville city,"7,203",1.07%
Flower Mound town,"75,956",2.00%
Floydada city,"2,675",1.07%
Follett city,373,0.00%
Forest Hill city,"13,955",2.00%
Forney city,"23,455",2.00%
Forsan city,225,0.00%
Fort Stockton city,"8,466",1.07%
Fort Worth city,"918,915",2.00%
Franklin city,"1,614",0.58%
Frankston town,"1,126",0.58%
Fredericksburg city,"10,875",2.00%
Freeport city,"10,696",2.00%
Freer city,"2,461",0.58%
Friendswood city,"41,213",2.00%
Friona city,"4,171",1.07%
Frisco city,"200,509",2.00%
Fritch city,"1,859",0.58%
Frost city,620,0.00%
Fruitvale city,476,0.00%
Fulshear city,"16,856",2.00%
Fulton town,"1,523",0.58%
Gainesville city,"17,394",2.00%
Galena Park city,"10,740",2.00%
Gallatin city,321,0.00%
Galveston city,"53,695",2.00%
Ganado city,"1,975",0.58%
Garden Ridge city,"4,186",1.07%
Garland city,"246,018",2.00%
Garrett town,829,0.00%
Garrison city,789,0.00%
Gary City town,335,0.00%
Gatesville city,"16,135",2.00%
George West city,"2,171",0.58%
Georgetown city,"67,176",2.00%
Gholson city,"1,250",0.58%
Giddings city,"4,969",1.07%
Gilmer city,"4,843",1.07%
Gladewater city,"6,134",1.07%
Glen Rose city,"2,659",1.07%
Glenn Heights city,"15,819",2.00%
Godley city,"1,450",0.58%
Goldsmith city,236,0.00%
Goldthwaite city,"1,738",0.58%
Goliad city,"1,620",0.58%
Golinda city,618,0.00%
Gonzales city,"7,165",1.07%
Goodlow city,178,0.00%
Goodrich city,248,0.00%
Gordon city,470,0.00%
Goree city,158,0.00%
Gorman city,976,0.00%
Graford city,669,0.00%
Graham city,"8,732",1.07%
Granbury city,"10,958",2.00%
Grand Prairie city,"196,100",2.00%
Grand Saline city,"3,107",1.07%
Grandfalls town,340,0.00%
Grandview city,"1,879",0.58%
Granger city,"1,183",0.58%
Granite Shoals city,"5,129",1.07%
Granjeno city,283,0.00%
Grapeland city,"1,465",0.58%
Grapevine city,"50,631",2.00%
Grays Prairie village,325,0.00%
Greenville city,"28,164",2.00%
Gregory city,"1,740",0.58%
Grey Forest city,492,0.00%
Groesbeck city,"3,631",1.07%
Groom town,552,0.00%
Groves city,"17,335",2.00%
Groveton city,918,0.00%
Gruver city,"1,130",0.58%
Gun Barrel City city,"6,190",1.07%
Gunter city,"2,060",0.58%
Gustine town,392,0.00%
Hackberry town,"2,973",1.07%
Hale Center city,"2,062",0.58%
Hallettsville city,"2,731",1.07%
Hallsburg city,419,0.00%
Hallsville city,"4,277",1.07%
Haltom City city,"46,073",2.00%
Hamilton city,"2,895",1.07%
Hamlin city,"1,831",0.58%
Happy town,602,0.00%
Hardin city,768,0.00%
Harker Heights city,"33,097",2.00%
Harlingen city,"71,829",2.00%
Hart city,869,0.00%
Harwood town,120,0.00%
Haskell city,"3,089",1.07%
Haslet city,"1,952",0.58%
Hawk Cove city,452,0.00%
Hawkins city,"1,274",0.58%
Hawley city,545,0.00%
Hays city,227,0.00%
Hearne city,"4,544",1.07%
Heath city,"9,769",1.07%
Hebron town,803,0.00%
Hedley city,275,0.00%
Hedwig Village city,"2,370",0.58%
Helotes city,"9,030",1.07%
Hemphill city,"1,029",0.58%
Hempstead city,"5,430",1.07%
Henderson city,"13,271",2.00%
Henrietta city,"3,111",1.07%
Hereford city,"14,972",2.00%
Hewitt city,"16,026",2.00%
Hickory Creek town,"4,718",1.07%
Hico city,"1,335",0.58%
Hidalgo city,"13,964",2.00%
Hideaway city,"3,201",1.07%
Higgins city,356,0.00%
Highland Haven city,418,0.00%
Highland Park town,"8,864",1.07%
Highland Village city,"15,899",2.00%
Hill Country Village city,942,0.00%
Hillcrest village,705,0.00%
Hillsboro city,"8,221",1.07%
Hilshire Village city,816,0.00%
Hitchcock city,"7,301",1.07%
Holiday Lakes town,991,0.00%
Holland town,"1,075",0.58%
Holliday city,"1,524",0.58%
Hollywood Park town,"3,130",1.07%
Hondo city,"8,289",1.07%
Honey Grove city,"1,715",0.58%
Hooks city,"2,518",1.07%
Horizon City city,"22,489",2.00%
Horseshoe Bay city,"4,257",1.07%
Houston city,"2,304,580",2.00%
Howardwick city,370,0.00%
Howe town,"3,571",1.07%
Hubbard city,"1,394",0.58%
Hudson city,"4,849",1.07%
Hudson Oaks city,"2,174",0.58%
Hughes Springs city,"1,575",0.58%
Humble city,"16,795",2.00%
Hunters Creek Village city,"4,385",1.07%
Huntington city,"2,025",0.58%
Huntsville city,"45,941",2.00%
Hurst city,"40,413",2.00%
Hutchins city,"5,607",1.07%
Hutto city,"27,577",2.00%
Huxley city,361,0.00%
Idalou city,"2,193",0.58%
Impact town,22,0.00%
Indian Lake town,839,0.00%
Industry city,268,0.00%
Ingleside city,"9,519",1.07%
Ingleside on the Bay city,614,0.00%
Ingram city,"1,787",0.58%
Iola city,311,0.00%
Iowa Colony village,"8,154",1.07%
Iowa Park city,"6,535",1.07%
Iraan city,"1,055",0.58%
Iredell city,305,0.00%
Irving city,"256,684",2.00%
Italy town,"1,926",0.58%
Itasca city,"1,562",0.58%
Ivanhoe city,"1,327",0.58%
Jacinto City city,"9,613",1.07%
Jacksboro city,"4,184",1.07%
Jacksonville city,"13,997",2.00%
Jamaica Beach city,"1,078",0.58%
Jarrell city,"1,753",0.58%
Jasper city,"6,884",1.07%
Jayton city,511,0.00%
Jefferson city,"1,875",0.58%
Jersey Village city,"7,921",1.07%
Jewett city,793,0.00%
Joaquin city,734,0.00%
Johnson City city,"1,627",0.58%
Jolly city,172,0.00%
Jones Creek village,"1,975",0.58%
Jonestown city,"2,365",0.58%
Josephine city,"2,119",0.58%
Joshua city,"7,891",1.07%
Jourdanton city,"4,094",1.07%
Junction city,"2,451",0.58%
Justin city,"4,409",1.07%
Karnes City city,"3,111",1.07%
Katy city,"21,894",2.00%
Kaufman city,"6,797",1.07%
Keene city,"6,387",1.07%
Keller city,"45,776",2.00%
Kemah city,"1,807",0.58%
Kemp city,"1,129",0.58%
Kempner city,"1,146",0.58%
Kendleton city,343,0.00%
Kenedy city,"3,473",1.07%
Kenefick town,615,0.00%
Kennard city,272,0.00%
Kennedale city,"8,517",1.07%
Kerens city,"1,505",0.58%
Kermit city,"6,267",1.07%
Kerrville city,"24,278",2.00%
Kilgore city,"13,376",2.00%
Killeen city,"153,095",2.00%
Kingsbury city,132,0.00%
Kingsville city,"25,402",2.00%
Kirby city,"8,142",1.07%
Kirbyville city,"2,036",0.58%
Kirvin town,101,0.00%
Knollwood city,764,0.00%
Knox City town,"1,065",0.58%
Kosse town,458,0.00%
Kountze city,"1,981",0.58%
Kress city,596,0.00%
Krugerville city,"1,766",0.58%
Krum city,"5,483",1.07%
Kurten town,395,0.00%
Kyle city,"45,697",2.00%
La Feria city,"6,817",1.07%
La Grange city,"4,391",1.07%
La Grulla city,"1,222",0.58%
La Joya city,"4,457",1.07%
La Marque city,"18,030",2.00%
La Porte city,"35,124",2.00%
La Vernia city,"1,077",0.58%
La Villa city,"2,804",1.07%
La Ward city,176,0.00%
LaCoste city,"1,077",0.58%
Lacy-Lakeview city,"6,988",1.07%
Ladonia town,597,0.00%
Lago Vista city,"8,896",1.07%
Laguna Vista town,"3,520",1.07%
Lake Bridgeport city,339,0.00%
Lake City town,447,0.00%
Lake Dallas city,"7,708",1.07%
Lake Jackson city,"28,177",2.00%
Lake Tanglewood village,686,0.00%
Lake Worth city,"4,711",1.07%
Lakeport city,976,0.00%
Lakeside City town,"1,082",0.58%
Lakeside town (San Patricio County),338,0.00%
Lakeside town (Tarrant County),"1,649",0.58%
Lakeview town,60,0.00%
Lakeway city,"19,189",2.00%
Lakewood Village city,635,0.00%
Lamesa city,"8,674",1.07%
Lampasas city,"7,291",1.07%
Lancaster city,"41,275",2.00%
Laredo city,"255,205",2.00%
Latexo city,232,0.00%
Lavon city,"4,469",1.07%
Lawn town,311,0.00%
League City city,"114,392",2.00%
Leakey city,315,0.00%
Leander city,"59,202",2.00%
Leary city,433,0.00%
Lefors town,420,0.00%
Leon Valley city,"11,542",2.00%
Leona city,151,0.00%
Leonard city,"1,987",0.58%
Leroy city,354,0.00%
Levelland city,"12,652",2.00%
Lewisville city,"111,822",2.00%
Lexington town,"1,217",0.58%
Liberty city,"8,279",1.07%
Liberty Hill city,"3,646",1.07%
Lindale city,"6,059",1.07%
Linden city,"1,825",0.58%
Lindsay city,"1,045",0.58%
Lipan city,505,0.00%
Little Elm city,"46,453",2.00%
Little River-Academy city,"1,992",0.58%
Littlefield city,"5,943",1.07%
Live Oak city,"15,781",2.00%
Liverpool city,475,0.00%
Livingston town,"5,640",1.07%
Llano city,"3,325",1.07%
Lockhart city,"14,379",2.00%
Lockney town,"1,498",0.58%
Log Cabin city,678,0.00%
Lometa city,753,0.00%
Lone Oak city,643,0.00%
Lone Star city,"1,400",0.58%
Longview city,"81,638",2.00%
Loraine town,504,0.00%
Lorena city,"1,785",0.58%
Lorenzo city,964,0.00%
Los Fresnos city,"8,114",1.07%
Los Indios town,"1,008",0.58%
Los Ybanez city,28,0.00%
Lott city,644,0.00%
Lovelady city,570,0.00%
Lowry Crossing city,"1,689",0.58%
Lubbock city,"257,141",2.00%
Lucas city,"7,612",1.07%
Lueders city,258,0.00%
Lufkin city,"34,143",2.00%
Luling city,"5,599",1.07%
Lumberton city,"13,554",2.00%
Lyford city,"2,249",0.58%
Lytle city,"2,914",1.07%
Mabank town,"4,050",1.07%
Madisonville city,"4,420",1.07%
Magnolia city,"2,359",0.58%
Malakoff city,"2,179",0.58%
Malone town,237,0.00%
Manor city,"13,652",2.00%
Mansfield city,"72,602",2.00%
Manvel city,"9,992",1.07%
Marble Falls city,"7,037",1.07%
Marfa city,"1,788",0.58%
Marietta town,115,0.00%
Marion city,"1,034",0.58%
Marlin city,"5,462",1.07%
Marquez city,181,0.00%
Marshall city,"23,392",2.00%
Mart city,"1,748",0.58%
Martindale city,"1,253",0.58%
Mason city,"2,121",0.58%
Matador town,569,0.00%
Mathis city,"4,333",1.07%
Maud city,977,0.00%
Maypearl city,939,0.00%
McAllen city,"142,210",2.00%
McCamey city,"1,831",0.58%
McGregor city,"5,321",1.07%
McKinney city,"195,308",2.00%
McLean town,665,0.00%
McLendon-Chisholm city,"3,562",1.07%
Meadow town,601,0.00%
Meadowlakes city,"1,907",0.58%
Meadows Place city,"4,767",1.07%
Megargel town,174,0.00%
Melissa city,"13,901",2.00%
Melvin town,123,0.00%
Memphis city,"2,048",0.58%
Menard city,"1,348",0.58%
Mercedes city,"16,258",2.00%
Meridian city,"1,396",0.58%
Merkel town,"2,471",0.58%
Mertens town,144,0.00%
Mertzon city,747,0.00%
Mesquite city,"150,108",2.00%
Mexia city,"6,893",1.07%
Miami city,539,0.00%
Midland city,"132,524",2.00%
Midlothian city,"35,125",2.00%
Midway city,173,0.00%
Milano city,390,0.00%
Mildred town,399,0.00%
Miles city,875,0.00%
Milford town,722,0.00%
Miller's Cove town,71,0.00%
Millsap town,370,0.00%
Mineola city,"4,823",1.07%
Mineral Wells city,"14,820",2.00%
Mingus city,223,0.00%
Mission city,"85,778",2.00%
Missouri City city,"74,259",2.00%
Mobeetie city,87,0.00%
Mobile City city,142,0.00%
Monahans city,"7,836",1.07%
Mont Belvieu city,"7,654",1.07%
Montgomery city,"1,948",0.58%
Moody city,"1,376",0.58%
Moore Station city,160,0.00%
Moran city,226,0.00%
Morgan city,454,0.00%
Morgan's Point city,273,0.00%
Morgan's Point Resort city,"4,636",1.07%
Morton city,"1,690",0.58%
Moulton town,854,0.00%
Mount Calm city,282,0.00%
Mount Enterprise city,505,0.00%
Mount Pleasant city,"16,047",2.00%
Mount Vernon town,"2,491",0.58%
Mountain City city,622,0.00%
Muenster city,"1,536",0.58%
Muleshoe city,"5,160",1.07%
Mullin town,130,0.00%
Munday city,"1,246",0.58%
Murchison city,516,0.00%
Murphy city,"21,013",2.00%
Mustang Ridge city,944,0.00%
Mustang town,0,0.00%
Nacogdoches city,"32,147",2.00%
Naples city,"1,387",0.58%
Nash city,"3,814",1.07%
Nassau Bay city,"5,347",1.07%
Natalia city,"1,202",0.58%
Navarro town,232,0.00%
Navasota city,"7,643",1.07%
Nazareth city,310,0.00%
Nederland city,"18,856",2.00%
Needville city,"3,089",1.07%
Nesbitt town,273,0.00%
Nevada city,"1,314",0.58%
New Berlin city,656,0.00%
New Boston city,"4,612",1.07%
New Braunfels city,"90,403",2.00%
New Chapel Hill city,620,0.00%
New Deal town,730,0.00%
New Fairview city,"1,386",0.58%
New Home city,326,0.00%
New Hope town,661,0.00%
New London city,958,0.00%
New Summerfield city,843,0.00%
New Waverly city,914,0.00%
Newark city,"1,096",0.58%
Newcastle city,526,0.00%
Newton city,"1,633",0.58%
Neylandville town,67,0.00%
Niederwald city,668,0.00%
Nixon city,"2,341",0.58%
Nocona city,"3,002",1.07%
Nolanville city,"5,917",1.07%
Nome city,469,0.00%
Noonday city,612,0.00%
Nordheim city,336,0.00%
Normangee town,495,0.00%
North Cleveland city,225,0.00%
North Richland Hills city,"69,917",2.00%
Northlake town,"5,201",1.07%
Novice city,122,0.00%
Oak Grove town,617,0.00%
Oak Leaf city,"1,552",0.58%
Oak Point city,"4,357",1.07%
Oak Ridge North city,"3,057",1.07%
Oak Ridge town (Cooke County),242,0.00%
Oak Ridge town (Kaufman County),771,0.00%
Oak Valley town,406,0.00%
Oakwood town,389,0.00%
O'Brien city,91,0.00%
Odem city,"2,255",0.58%
Odessa city,"114,428",2.00%
O'Donnell city,704,0.00%
Oglesby city,441,0.00%
Old River-Winfree city,"1,315",0.58%
Olmos Park city,"2,180",0.58%
Olney city,"3,007",1.07%
Olton city,"1,989",0.58%
Omaha city,936,0.00%
Onalaska city,"3,020",1.07%
Opdyke West town,220,0.00%
Orange city,"19,324",2.00%
Orange Grove city,"1,165",0.58%
Orchard city,313,0.00%
Ore City city,"1,108",0.58%
Overton city,"2,275",0.58%
Ovilla city,"4,304",1.07%
Oyster Creek city,"1,173",0.58%
Paducah town,"1,063",0.58%
Paint Rock town,237,0.00%
Palacios city,"4,395",1.07%
Palestine city,"18,544",2.00%
Palisades village,268,0.00%
Palm Valley city,"1,413",0.58%
Palmer town,"2,393",0.58%
Palmhurst city,"2,601",1.07%
Palmview city,"15,830",2.00%
Pampa city,"16,867",2.00%
Panhandle town,"2,378",0.58%
Panorama Village city,"2,515",1.07%
Pantego town,"2,568",1.07%
Paradise city,475,0.00%
Paris city,"24,476",2.00%
Parker city,"5,462",1.07%
Pasadena city,"151,950",2.00%
Pattison city,547,0.00%
Patton Village city,"1,647",0.58%
Payne Springs town,741,0.00%
Pearland city,"125,828",2.00%
Pearsall city,"7,325",1.07%
Pecan Gap city,178,0.00%
Pecan Hill city,735,0.00%
Pecos city,"12,916",2.00%
Pelican Bay city,"2,049",0.58%
Penelope town,180,0.00%
Penitas city,"6,460",1.07%
Perryton city,"8,492",1.07%
Petersburg city,"1,014",0.58%
Petrolia city,514,0.00%
Petronila city,89,0.00%
Pflugerville city,"65,191",2.00%
Pharr city,"79,715",2.00%
Pilot Point city,"4,381",1.07%
Pine Forest city,499,0.00%
Pine Island town,"1,077",0.58%
Pinehurst city,"2,232",0.58%
Pineland city,888,0.00%
Piney Point Village city,"3,128",1.07%
Pittsburg city,"4,335",1.07%
Plains town,"1,355",0.58%
Plainview city,"20,187",2.00%
Plano city,"285,494",2.00%
Plantersville city,464,0.00%
Pleak village,971,0.00%
Pleasant Valley town,357,0.00%
Pleasanton city,"10,648",2.00%
Plum Grove city,"1,245",0.58%
Point Blank city,643,0.00%
Point city,745,0.00%
Point Comfort city,603,0.00%
Point Venture village,"1,260",0.58%
Ponder town,"2,442",0.58%
Port Aransas city,"2,904",1.07%
Port Arthur city,"56,039",2.00%
Port Isabel city,"5,028",1.07%
Port Lavaca city,"11,557",2.00%
Port Neches city,"13,692",2.00%
Portland city,"20,383",2.00%
Post city,"4,790",1.07%
Post Oak Bend City town,683,0.00%
Poteet city,"2,795",1.07%
Poth town,"1,819",0.58%
Pottsboro town,"2,488",0.58%
Powell town,99,0.00%
Poynor town,287,0.00%
Prairie View city,"8,184",1.07%
Premont city,"2,455",0.58%
Presidio city,"3,264",1.07%
Primera town,"5,257",1.07%
Princeton city,"17,027",2.00%
Progreso city,"4,807",1.07%
Progreso Lakes city,257,0.00%
Prosper town,"30,174",2.00%
Providence Village town,"7,691",1.07%
Putnam town,63,0.00%
Pyote town,72,0.00%
Quanah city,"2,279",0.58%
Queen City city,"1,397",0.58%
Quinlan city,"1,414",0.58%
Quintana town,26,0.00%
Quitaque city,342,0.00%
Quitman city,"1,942",0.58%
Ralls city,"1,665",0.58%
Rancho Viejo town,"2,838",1.07%
Ranger city,"2,300",0.58%
Rangerville village,255,0.00%
Rankin city,780,0.00%
Ransom Canyon town,"1,189",0.58%
Ravenna city,175,0.00%
Raymondville city,"10,236",2.00%
Red Lick city,946,0.00%
Red Oak city,"14,222",2.00%
Redwater city,853,0.00%
Refugio town,"2,712",1.07%
Reklaw city,332,0.00%
Reno city (Lamar County),"3,454",1.07%
Reno city (Parker and Tarrant Counties),"2,878",1.07%
Retreat town,410,0.00%
Rhome city,"1,630",0.58%
Rice city,"1,203",0.58%
Richardson city,"119,469",2.00%
Richland Hills city,"8,621",1.07%
Richland Springs town,244,0.00%
Richland town,255,0.00%
Richmond city,"11,627",2.00%
Richwood city,"4,781",1.07%
Riesel city,"1,062",0.58%
Rio Bravo city,"4,450",1.07%
Rio Grande City city,"15,317",2.00%
Rio Hondo city,"2,021",0.58%
Rio Vista city,"1,008",0.58%
Rising Star town,756,0.00%
River Oaks city,"7,646",1.07%
Riverside city,522,0.00%
Road Runner town,766,0.00%
Roanoke city,"9,665",1.07%
Roaring Springs town,217,0.00%
Robert Lee city,"1,027",0.58%
Robinson city,"12,443",2.00%
Robstown city,"10,143",2.00%
Roby city,591,0.00%
Rochester town,248,0.00%
Rockdale city,"5,323",1.07%
Rockport city,"10,070",2.00%
Rocksprings town,874,0.00%
Rockwall city,"47,251",2.00%
Rocky Mound town,78,0.00%
Rogers town,"1,113",0.58%
Rollingwood city,"1,467",0.58%
Roma city,"11,561",2.00%
Roman Forest city,"1,781",0.58%
Ropesville city,430,0.00%
Roscoe city,"1,271",0.58%
Rose City city,326,0.00%
Rose Hill Acres city,325,0.00%
Rosebud city,"1,296",0.58%
Rosenberg city,"38,282",2.00%
Ross city,245,0.00%
Rosser village,301,0.00%
Rotan city,"1,332",0.58%
Round Mountain town,101,0.00%
Round Rock city,"119,468",2.00%
Round Top town,87,0.00%
Rowlett city,"62,535",2.00%
Roxton city,548,0.00%
Royse City city,"13,508",2.00%
Rule town,561,0.00%
Runaway Bay city,"1,546",0.58%
Runge town,892,0.00%
Rusk city,"5,285",1.07%
Sabinal city,"1,364",0.58%
Sachse city,"27,103",2.00%
Sadler city,336,0.00%
Saginaw city,"23,890",2.00%
Salado village,"2,394",0.58%
San Angelo city,"99,893",2.00%
San Antonio city,"1,434,625",2.00%
San Augustine city,"1,920",0.58%
San Benito city,"24,861",2.00%
San Diego city,"3,748",1.07%
San Elizario city,"10,116",2.00%
San Felipe town,691,0.00%
San Juan city,"35,294",2.00%
San Leanna village,522,0.00%
San Marcos city,"67,553",2.00%
San Patricio city,384,0.00%
San Perlita city,538,0.00%
San Saba city,"3,117",1.07%
Sanctuary town,337,0.00%
Sandy Oaks city,"5,075",1.07%
Sandy Point city,207,0.00%
Sanford town,132,0.00%
Sanger city,"8,839",1.07%
Sansom Park city,"5,454",1.07%
Santa Anna town,"1,014",0.58%
Santa Clara city,778,0.00%
Santa Fe city,"12,735",2.00%
Santa Rosa town,"2,450",0.58%
Savoy city,712,0.00%
Schertz city,"42,002",2.00%
Schulenburg city,"2,633",1.07%
Scotland city,413,0.00%
Scottsville city,334,0.00%
Scurry town,688,0.00%
Seabrook city,"13,618",2.00%
Seadrift city,995,0.00%
Seagoville city,"18,446",2.00%
Seagraves city,"2,153",0.58%
Sealy city,"6,839",1.07%
Seguin city,"29,433",2.00%
Selma city,"10,952",2.00%
Seminole city,"6,988",1.07%
Seven Oaks city,68,0.00%
Seven Points city,"1,370",0.58%
Seymour city,"2,575",1.07%
Shady Shores town,"2,764",1.07%
Shallowater city,"2,964",1.07%
Shamrock city,"1,789",0.58%
Shavano Park city,"3,524",1.07%
Shenandoah city,"3,499",1.07%
Shepherd city,"2,105",0.58%
Sherman city,"43,645",2.00%
Shiner city,"2,127",0.58%
Shoreacres city,"1,566",0.58%
Silsbee city,"6,935",1.07%
Silverton city,629,0.00%
Simonton city,647,0.00%
Sinton city,"5,504",1.07%
Skellytown town,394,0.00%
Slaton city,"5,858",1.07%
Smiley city,475,0.00%
Smithville city,"3,922",1.07%
Smyer town,441,0.00%
Snook city,506,0.00%
Snyder city,"11,438",2.00%
Socorro city,"34,306",2.00%
Somerset city,"1,756",0.58%
Somerville city,"1,312",0.58%
Sonora city,"2,502",1.07%
Sour Lake city,"1,773",0.58%
South Frydek city,207,0.00%
South Houston city,"16,153",2.00%
South Mountain town,411,0.00%
South Padre Island town,"2,066",0.58%
Southlake city,"31,265",2.00%
Southmayd city,978,0.00%
Southside Place city,"1,835",0.58%
Spearman city,"3,171",1.07%
Splendora city,"1,683",0.58%
Spofford city,41,0.00%
Spring Branch city,206,0.00%
Spring Valley Village city,"4,229",1.07%
Springlake town,145,0.00%
Springtown city,"3,064",1.07%
Spur city,863,0.00%
St. Hedwig town,"2,227",0.58%
St. Jo city,881,0.00%
St. Paul town,992,0.00%
Stafford city,"17,666",2.00%
Stagecoach town,580,0.00%
Stamford city,"2,907",1.07%
Stanton city,"2,657",1.07%
Staples city,193,0.00%
Star Harbor city,482,0.00%
Stephenville city,"20,897",2.00%
Sterling City city,"1,121",0.58%
Stinnett city,"1,650",0.58%
Stockdale city,"1,413",0.58%
Stockton Bend city,380,0.00%
Stratford city,"1,939",0.58%
Strawn city,540,0.00%
Streetman town,248,0.00%
Sudan city,940,0.00%
Sugar Land city,"111,026",2.00%
Sullivan City city,"3,908",1.07%
Sulphur Springs city,"15,941",2.00%
Sun Valley city,70,0.00%
Sundown city,"1,283",0.58%
Sunnyvale town,"7,893",1.07%
Sunray city,"1,707",0.58%
Sunrise Beach Village city,739,0.00%
Sunset Valley city,683,0.00%
Surfside Beach city,640,0.00%
Sweeny city,"3,626",1.07%
Sweetwater city,"10,622",2.00%
Taft city,"2,801",1.07%
Tahoka city,"2,375",0.58%
Talco city,494,0.00%
Talty town,"2,500",1.07%
Tatum city,"1,342",0.58%
Taylor city,"16,267",2.00%
Taylor Lake Village city,"3,704",1.07%
Taylor Landing city,278,0.00%
Teague city,"3,384",1.07%
Tehuacana town,228,0.00%
Temple city,"82,073",2.00%
Tenaha town,989,0.00%
Terrell city,"17,465",2.00%
Terrell Hills city,"5,045",1.07%
Texarkana city,"36,193",2.00%
Texas City city,"51,898",2.00%
Texhoma city,258,0.00%
Texline town,448,0.00%
The Colony city,"44,534",2.00%
The Hills village,"2,613",1.07%
Thompsons town,156,0.00%
Thorndale city,"1,263",0.58%
Thornton town,421,0.00%
Thorntonville town,561,0.00%
Thrall city,816,0.00%
Three Rivers city,"1,474",0.58%
Throckmorton town,727,0.00%
Tiki Island village,"1,106",0.58%
Timbercreek Canyon village,430,0.00%
Timpson city,989,0.00%
Tioga town,"1,142",0.58%
Tira town,319,0.00%
Toco city,91,0.00%
Todd Mission city,121,0.00%
Tolar city,941,0.00%
Tom Bean city,930,0.00%
Tomball city,"12,341",2.00%
Tool city,"2,175",0.58%
Toyah town,61,0.00%
Trent town,295,0.00%
Trenton city,743,0.00%
Trinidad city,860,0.00%
Trinity city,"2,343",0.58%
Trophy Club town,"13,688",2.00%
Troup city,"2,006",0.58%
Troy city,"2,375",0.58%
Tulia city,"4,473",1.07%
Turkey city,317,0.00%
Tuscola city,850,0.00%
Tye city,"1,176",0.58%
Tyler city,"105,995",2.00%
Uhland city,"1,588",0.58%
Uncertain city,85,0.00%
Union Grove city,441,0.00%
Union Valley city,370,0.00%
Universal City city,"19,720",2.00%
University Park city,"25,278",2.00%
Uvalde city,"15,217",2.00%
Valentine town,73,0.00%
Valley Mills city,"1,229",0.58%
Valley View city,737,0.00%
Van Alstyne city,"4,369",1.07%
Van city,"2,664",1.07%
Van Horn town,"1,941",0.58%
Vega city,879,0.00%
Venus town,"4,361",1.07%
Vernon city,"10,078",2.00%
Victoria city,"65,534",2.00%
Vidor city,"9,789",1.07%
Vinton village,"2,684",1.07%
Volente village,561,0.00%
Von Ormy city,"1,174",0.58%
Waco city,"138,486",2.00%
Waelder city,933,0.00%
Wake Village city,"5,945",1.07%
Waller city,"2,682",1.07%
Wallis city,"1,292",0.58%
Walnut Springs city,795,0.00%
Warren City city,319,0.00%
Waskom city,"1,910",0.58%
Watauga city,"23,650",2.00%
Waxahachie city,"41,140",2.00%
Weatherford city,"30,854",2.00%
Webberville village,394,0.00%
Webster city,"12,499",2.00%
Weimar city,"2,076",0.58%
Weinert city,172,0.00%
Weir city,699,0.00%
Wellington city,"1,896",0.58%
Wellman city,230,0.00%
Wells town,853,0.00%
Weslaco city,"40,160",2.00%
West city,"2,531",1.07%
West Columbia city,"3,644",1.07%
West Lake Hills city,"3,444",1.07%
West Orange city,"3,459",1.07%
West Tawakoni city,"1,895",0.58%
West University Place city,"14,955",2.00%
Westbrook city,201,0.00%
Westlake town,"1,623",0.58%
Weston city,283,0.00%
Weston Lakes city,"3,853",1.07%
Westover Hills town,641,0.00%
Westworth Village city,"2,585",1.07%
Wharton city,"8,627",1.07%
Wheeler city,"1,487",0.58%
White Deer town,918,0.00%
White Oak city,"6,225",1.07%
White Settlement city,"18,269",2.00%
Whiteface town,375,0.00%
Whitehouse city,"8,257",1.07%
Whitesboro city,"4,074",1.07%
Whitewright town,"1,725",0.58%
Whitney town,"1,992",0.58%
Wichita Falls city,"102,316",2.00%
Wickett town,422,0.00%
Willis city,"6,431",1.07%
Willow Park city,"4,936",1.07%
Wills Point city,"3,747",1.07%
Wilmer city,"4,974",1.07%
Wilson city,434,0.00%
Wimberley city,"2,839",1.07%
Windcrest city,"5,865",1.07%
Windom town,189,0.00%
Windthorst town,342,0.00%
Winfield city,422,0.00%
Wink city,915,0.00%
Winnsboro city,"3,455",1.07%
Winona town,623,0.00%
Winters city,"2,345",0.58%
Wixon Valley city,228,0.00%
Wolfe City city,"1,399",0.58%
Wolfforth city,"5,521",1.07%
Woodbranch city,"1,330",0.58%
Woodcreek city,"1,770",0.58%
Woodloch town,186,0.00%
Woodsboro town,"1,319",0.58%
Woodson town,219,0.00%
Woodville town,"2,403",0.58%
Woodway city,"9,383",1.07%
Wortham town,980,0.00%
Wylie city,"57,526",2.00%
Yantis town,405,0.00%
Yoakum city,"5,908",1.07%
Yorktown city,"1,810",0.58%
Zavalla city,603,0.00%